/* CS 370 Project 2 */

-- Drop tables in case they already exist--
DROP TABLE STUDENT;
DROP TABLE FACULTY;
DROP TABLE ENROLLMENT;
DROP TABLE ADMINISTRATION;



-- Creating all of the tables in the database--
CREATE TABLE STUDENT(
    STUDENT_ID INTEGER PRIMARY KEY,
    STUDENT_FNAME VARCHAR(15) NOT NULL,
    STUDENT_LNAME VARCHAR(15) NOT NULL,
    STUDENT_EMAIL VARCHAR(30) NOT NULL UNIQUE,
    STUDENT_PASSWORD VARCHAR(30) NOT NULL,
    STUDENT_ADDRESS VARCHAR(30) NOT NULL,
    STUDENT_PHONE VARCHAR(13) NOT NULL
);

CREATE TABLE FACULTY(
    FACULTY_ID NUMBER(4) PRIMARY KEY,
    FACULTY_FNAME VARCHAR(15) NOT NULL,
    FACULTY_LNAME VARCHAR(15) NOT NULL,
    FACULTY_EMAIL VARCHAR(30) NOT NULL UNIQUE,
    FACULTY_PASSWORD VARCHAR(30) NOT NULL
); 

CREATE TABLE ENROLLMENT( -- This is to establish a relationship between student and faculty so that only faculty who have students can edit them
    ENROLLMENT_ID NUMBER (4) PRIMARY KEY,
    STUDENT_ID NUMBER(4) NOT NULL,
    FACULTY_ID NUMBER(4) NOT NULL,
    FOREIGN KEY (STUDENT_ID) REFERENCES STUDENT(STUDENT_ID),
    FOREIGN KEY (FACULTY_ID) REFERENCES FACULTY(FACULTY_ID)
);

CREATE TABLE ADMINISTRATION(
    STUDENT_ID NUMBER(4) NOT NULL PRIMARY KEY,
    STUDENT_GPA DECIMAL(3, 2) NOT NULL,
    STUDENT_BALANCE DECIMAL(10, 2) NOT NULL,
    STUDENT_CREDITS NUMBER(3) NOT NULL,
    FOREIGN KEY (STUDENT_ID) REFERENCES STUDENT(STUDENT_ID)
);



-- Adding data to the database --

INSERT INTO STUDENT (STUDENT_ID, STUDENT_FNAME, STUDENT_LNAME, STUDENT_EMAIL, STUDENT_PASSWORD, STUDENT_ADDRESS, STUDENT_PHONE)
VALUES (1001, 'Alice', 'Johnson', 'alice.johnson@email.com', 'Pass@123', '123 Maple St', '555-123-4567');
INSERT INTO STUDENT (STUDENT_ID, STUDENT_FNAME, STUDENT_LNAME, STUDENT_EMAIL, STUDENT_PASSWORD, STUDENT_ADDRESS, STUDENT_PHONE)
VALUES (1002, 'Brian', 'Smith', 'brian.smith@email.com', 'Qwerty@9', '456 Oak Ave', '555-234-5678');
INSERT INTO STUDENT (STUDENT_ID, STUDENT_FNAME, STUDENT_LNAME, STUDENT_EMAIL, STUDENT_PASSWORD, STUDENT_ADDRESS, STUDENT_PHONE)
VALUES (1003, 'Catherine', 'Lee', 'catherine.lee@email.com', 'CatLee!22', '789 Pine Rd', '555-345-6789');
INSERT INTO STUDENT (STUDENT_ID, STUDENT_FNAME, STUDENT_LNAME, STUDENT_EMAIL, STUDENT_PASSWORD, STUDENT_ADDRESS, STUDENT_PHONE)
VALUES (1004, 'David', 'Martinez', 'david.martinez@email.com', 'DMart@45', '321 Birch Blvd', '555-456-7890');
INSERT INTO STUDENT (STUDENT_ID, STUDENT_FNAME, STUDENT_LNAME, STUDENT_EMAIL, STUDENT_PASSWORD, STUDENT_ADDRESS, STUDENT_PHONE)
VALUES (1005, 'Ella', 'Brown', 'ella.brown@email.com', 'Brownie#1', '654 Cedar Ct', '555-567-8901');
INSERT INTO STUDENT (STUDENT_ID, STUDENT_FNAME, STUDENT_LNAME, STUDENT_EMAIL, STUDENT_PASSWORD, STUDENT_ADDRESS, STUDENT_PHONE)
VALUES (1006, 'Frank', 'Davis', 'frank.davis@email.com', 'FrankD99', '987 Walnut Dr', '555-678-9012');
INSERT INTO STUDENT (STUDENT_ID, STUDENT_FNAME, STUDENT_LNAME, STUDENT_EMAIL, STUDENT_PASSWORD, STUDENT_ADDRESS, STUDENT_PHONE)
VALUES (1007, 'Grace', 'Wilson', 'grace.wilson@email.com', 'Grace#2024', '159 Elm St', '555-789-0123');
INSERT INTO STUDENT (STUDENT_ID, STUDENT_FNAME, STUDENT_LNAME, STUDENT_EMAIL, STUDENT_PASSWORD, STUDENT_ADDRESS, STUDENT_PHONE)
VALUES (1008, 'Henry', 'Lopez', 'henry.lopez@email.com', 'HLopez!77', '753 Spruce Ln', '555-890-1234');
INSERT INTO STUDENT (STUDENT_ID, STUDENT_FNAME, STUDENT_LNAME, STUDENT_EMAIL, STUDENT_PASSWORD, STUDENT_ADDRESS, STUDENT_PHONE)
VALUES (1009, 'Isabella', 'Clark', 'isabella.clark@email.com', 'Isa@777', '852 Chestnut Ave', '555-901-2345');
INSERT INTO STUDENT (STUDENT_ID, STUDENT_FNAME, STUDENT_LNAME, STUDENT_EMAIL, STUDENT_PASSWORD, STUDENT_ADDRESS, STUDENT_PHONE)
VALUES (1010, 'Jack', 'Hall', 'jack.hall@email.com', 'JHall2025', '951 Poplar Way', '555-012-3456');
INSERT INTO STUDENT (STUDENT_ID, STUDENT_FNAME, STUDENT_LNAME, STUDENT_EMAIL, STUDENT_PASSWORD, STUDENT_ADDRESS, STUDENT_PHONE)
VALUES (1011, 'Karen', 'Garcia', 'karen.garcia@email.com', 'KGarcia@1', '147 Sycamore St', '555-678-2345');
INSERT INTO STUDENT (STUDENT_ID, STUDENT_FNAME, STUDENT_LNAME, STUDENT_EMAIL, STUDENT_PASSWORD, STUDENT_ADDRESS, STUDENT_PHONE)
VALUES (1012, 'Liam', 'Anderson', 'liam.anderson@email.com', 'LiamA@88', '258 Willow Rd', '555-789-3456');
INSERT INTO STUDENT (STUDENT_ID, STUDENT_FNAME, STUDENT_LNAME, STUDENT_EMAIL, STUDENT_PASSWORD, STUDENT_ADDRESS, STUDENT_PHONE)
VALUES (1013, 'Mia', 'Thompson', 'mia.thompson@email.com', 'MiaT#33', '369 Redwood Ln', '555-890-4567');
INSERT INTO STUDENT (STUDENT_ID, STUDENT_FNAME, STUDENT_LNAME, STUDENT_EMAIL, STUDENT_PASSWORD, STUDENT_ADDRESS, STUDENT_PHONE)
VALUES (1014, 'Noah', 'Bennett', 'noah.bennett@email.com', 'NoahB@22', '741 Hickory Pl', '555-901-5678');


INSERT INTO ADMINISTRATION (STUDENT_ID, STUDENT_GPA, STUDENT_BALANCE, STUDENT_CREDITS) 
VALUES (1001, 3.85, 1200.50, 45);
INSERT INTO ADMINISTRATION (STUDENT_ID, STUDENT_GPA, STUDENT_BALANCE, STUDENT_CREDITS)
VALUES (1002, 2.90, 3400.75, 60);
INSERT INTO ADMINISTRATION (STUDENT_ID, STUDENT_GPA, STUDENT_BALANCE, STUDENT_CREDITS)
VALUES (1003, 3.60, 2750.00, 72);
INSERT INTO ADMINISTRATION (STUDENT_ID, STUDENT_GPA, STUDENT_BALANCE, STUDENT_CREDITS)
VALUES (1004, 3.10, 1800.25, 48);
INSERT INTO ADMINISTRATION (STUDENT_ID, STUDENT_GPA, STUDENT_BALANCE, STUDENT_CREDITS)
VALUES (1005, 3.95, 450.00, 33);
INSERT INTO ADMINISTRATION (STUDENT_ID, STUDENT_GPA, STUDENT_BALANCE, STUDENT_CREDITS)
VALUES (1006, 2.75, 3890.10, 54);
INSERT INTO ADMINISTRATION (STUDENT_ID, STUDENT_GPA, STUDENT_BALANCE, STUDENT_CREDITS)
VALUES (1007, 3.50, 950.40, 66);
INSERT INTO ADMINISTRATION (STUDENT_ID, STUDENT_GPA, STUDENT_BALANCE, STUDENT_CREDITS)
VALUES (1008, 2.40, 4200.00, 30);
INSERT INTO ADMINISTRATION (STUDENT_ID, STUDENT_GPA, STUDENT_BALANCE, STUDENT_CREDITS)
VALUES (1009, 3.70, 1700.80, 78);
INSERT INTO ADMINISTRATION (STUDENT_ID, STUDENT_GPA, STUDENT_BALANCE, STUDENT_CREDITS)
VALUES (1010, 2.95, 2999.99, 51);
INSERT INTO ADMINISTRATION (STUDENT_ID, STUDENT_GPA, STUDENT_BALANCE, STUDENT_CREDITS)
VALUES (1011, 3.25, 2500.00, 63);
INSERT INTO ADMINISTRATION (STUDENT_ID, STUDENT_GPA, STUDENT_BALANCE, STUDENT_CREDITS)
VALUES (1012, 3.80, 875.25, 84);
INSERT INTO ADMINISTRATION (STUDENT_ID, STUDENT_GPA, STUDENT_BALANCE, STUDENT_CREDITS)
VALUES (1013, 3.45, 1125.60, 57);
INSERT INTO ADMINISTRATION (STUDENT_ID, STUDENT_GPA, STUDENT_BALANCE, STUDENT_CREDITS)
VALUES (1014, 3.00, 2050.00, 39);


INSERT INTO FACULTY(FACULTY_ID, FACULTY_FNAME, FACULTY_LNAME, FACULTY_EMAIL, FACULTY_PASSWORD)
VALUES (5001, 'John', 'Smith', 'john.smith@email.com', 'JohnsP@$$word');
INSERT INTO FACULTY(FACULTY_ID, FACULTY_FNAME, FACULTY_LNAME, FACULTY_EMAIL, FACULTY_PASSWORD)
VALUES (5002, 'Jane', 'Goodall', 'jane.goodall@email.com', 'MoNkEyBuSiNeSs!');
INSERT INTO FACULTY(FACULTY_ID, FACULTY_FNAME, FACULTY_LNAME, FACULTY_EMAIL, FACULTY_PASSWORD)
VALUES (5003, 'Jordan', 'Robinson', 'jordan.robinson@email.com', 'Password?');


-- Query to bring up student information for the administrative view --

SELECT STUDENT_FNAME || ' ' || STUDENT_LNAME AS STUDENT_NAME, S.STUDENT_ID AS BLUGOLD_ID, STUDENT_ADDRESS, STUDENT_PHONE AS PHONE_NUMBER, STUDENT_GPA, STUDENT_CREDITS AS TOTAL_CREDITS, STUDENT_BALANCE
FROM STUDENT S JOIN ADMINISTRATION ON S.STUDENT_ID = ADMINISTRATION.STUDENT_ID;
